,count,mean,std,min,25%,50%,75%,max,median,skewness,kurtosis
overall_rank,311.0,78.68810289389067,45.054688846273706,1.0,40.0,79.0,117.5,156.0,79.0,-0.005499087705132148,-1.1953492995619375
score,311.0,5.387061093247589,1.1136534177944466,2.853,4.5125,5.372999999999998,6.1735,7.769,5.372999999999998,0.018938800527528613,-0.6602968787203278
gdp_per_capita,311.0,0.8944469453376206,0.3893109913457035,0.0,0.608,0.96,1.2145000000000001,1.6840000000000002,0.96,-0.37695047818779315,-0.7415407788754922
social_support,311.0,1.2124244372990352,0.2997742590160702,0.0,1.057,1.266,1.4580000000000002,1.644,1.266,-1.1158881784357595,1.2118560768592035
freedom_to_make_life_choices,311.0,0.42398713826366563,0.15607355532809455,0.0,0.3255,0.45,0.5405,0.7240000000000001,0.45,-0.6393690051453965,-0.06860693111007166
generosity,311.0,0.18291639871382637,0.09689485199492248,0.0,0.1085,0.175,0.245,0.598,0.175,0.8026667112001692,1.2551342418435203
perceptions_of_corruption,311.0,0.11129903536977494,0.09536502350832776,0.0,0.05,0.0819999999999999,0.1405,0.457,0.0819999999999999,1.657916790121169,2.407959434077906
year,311.0,2018.501607717042,0.5008032133691839,2018.0,2018.0,2019.0,2019.0,2019.0,2019.0,-0.006462111002124844,-2.0129449838187643
